{"cameraMode":{"drawMode":0,"name":"Shaded","section":"Shading Mode"},"sceneLighting":true,"audioPlay":false,"sceneViewState":{"showFog":true,"showMaterialUpdate":false,"showSkybox":true,"showFlares":true,"showImageEffects":true,"showParticleSystems":true},"in2DMode":false,"pivot":{"x":1.8968336582183838,"y":-1.088551640510559,"z":6.279964923858643},"rotation":{"x":-0.016716012731194497,"y":-0.1056918278336525,"z":0.001774108735844493,"w":-0.994268000125885},"size":22.0,"orthographic":false}