{"cameraMode":{"drawMode":0,"name":"Shaded","section":"Shading Mode"},"sceneLighting":false,"audioPlay":false,"sceneViewState":{"showFog":true,"showMaterialUpdate":false,"showSkybox":false,"showFlares":true,"showImageEffects":true,"showParticleSystems":true},"in2DMode":false,"pivot":{"x":464.49993896484377,"y":261.4999694824219,"z":-0.580625057220459},"rotation":{"x":-0.016716012731194497,"y":-0.1056918278336525,"z":0.001774108735844493,"w":-0.994268000125885},"size":5419.443359375,"orthographic":false}